"","x"
"1","¹ξ ̴ٳ ׳ ҳ°Ť"
"2"," Į<U+2591><U+2591><U+2591><U+2591><U+2591><U+2591><U+2591><U+2591><U+2591><U+2591><U+2591><U+2591><U+2584><U+2584><U+2591><U+2591><U+2591><U+2591><U+2591><U+2591><U+2591><U+2591><U+2591><U+2591><U+2591><U+2591><U+2591><U+2591><U+2591><U+2591><U+2591><U+2591><U+2591><U+2591><U+2591><U+2588><U+2591><U+2591><U+2588><U+2591><U+2591><U+2591><U+2591><U+2591><U+2591><U+2591><U+2591><U+2591><U+2591><U+2591><U+2591><U+2591><U+2591><U+2591><U+2591><U+2591><U+2591><U+2591><U+2591><U+2588><U+2591><U+2591><U+2588><U+2591><U+2591><U+2591><U+2591><U+2591><U+2591><U+2591><U+2591><U+2591><U+2591><U+2591><U+2591><U+2591><U+2591><U+2591><U+2591><U+2591><U+2591><U+2591><U+2588><U+2591><U+2591><U+2591><U+2588><U+2591><U+2591><U+2591><U+2591><U+2591><U+2591><U+2591><U+2591><U+2591><U+2591><U+2591><U+2591><U+2591><U+2591><U+2591><U+2591><U+2591><U+2591><U+2588><U+2591><U+2591><U+2591><U+2591><U+2588><U+2591><U+2591><U+2591><U+2591><U+2591><U+2591><U+2591><U+2591><U+2591><U+2588><U+2588><U+2588><U+2588><U+2588><U+2588><U+2584><U+2584><U+2588><U+2591><U+2591><U+2591><U+2591><U+2591><U+2588><U+2588><U+2588><U+2588><U+2588><U+2588><U+2584><U+2591><U+2591><U+2591><U+2593><U+2593><U+2593><U+2593><U+2593><U+2593><U+2588><U+2591><U+2591><U+2591><U+2591><U+2591><U+2591><U+2591><U+2591><U+2591><U+2591><U+2591><U+2591><U+2591><U+2591><U+2588><U+2591><U+2591><U+2593><U+2593><U+2593><U+2593><U+2593><U+2593><U+2588><U+2591><U+2591><U+2591><U+2591><U+2591><U+2591><U+2591><U+2591><U+2591><U+2591><U+2591><U+2591><U+2591><U+2591><U+2588><U+2591><U+2591><U+2593><U+2593><U+2593><U+2593><U+2593><U+2593><U+2588><U+2591><U+2591><U+2591><U+2591><U+2591><U+2591><U+2591><U+2591><U+2591><U+2591><U+2591><U+2591><U+2591><U+2591><U+2588><U+2591><U+2591><U+2593><U+2593><U+2593><U+2593><U+2593><U+2593><U+2588><U+2591><U+2591><U+2591><U+2591><U+2591><U+2591><U+2591><U+2591><U+2591><U+2591><U+2591><U+2591><U+2591><U+2591><U+2588><U+2591><U+2591><U+2593><U+2593><U+2593><U+2593><U+2593><U+2593><U+2588><U+2591><U+2591><U+2591><U+2591><U+2591><U+2591><U+2591><U+2591><U+2591><U+2591><U+2591><U+2591><U+2591><U+2591><U+2588><U+2591><U+2591><U+2593><U+2593><U+2593><U+2593><U+2593><U+2593><U+2588><U+2588><U+2588><U+2588><U+2588><U+2591><U+2591><U+2591><U+2591><U+2591><U+2591><U+2591><U+2591><U+2591><U+2588><U+2588><U+2591><U+2591><U+2588><U+2588><U+2588><U+2588><U+2588><U+2580><U+2591><U+2591><U+2591><U+2591><U+2580><U+2580><U+2588><U+2588><U+2588><U+2588><U+2588><U+2588><U+2588><U+2588><U+2591><U+2591><U+2591><U+2591>"
"3","¹ 1 6 ڿ ͼ   ĥŰ"
"4"," ȭ ... ߸ Ф"
"5"," ¹ ֺ з ©"
"6","ʱ :  ̵ ᱹ  ġ ư"
"7","ȭ   "" װž˾? ̰...""   ¹    ļ 찡 Ӹī   ٴѴٴ    ոӸ ߴ  ģ ̰     ׷ ϰ ׿"
"8"," з Ű ſΰ"
"9","¹   bye  ׸   տ o d 𸣴  ְgood bye    ְ Ǵµ̴ ¹ 츮 ϴ  μ ȳ̶°Դϴٿܱ  ڴ ǹ̷ good bye⺸ٴ see you ǥ Ҥ¹    ɴϴ "
"10","  ̴٤"
"11"," о.. 㹫ϳ"
"12",". ."
"13","¹  ̳   ƹŰϰ ̰ θ ã°ź Ǳְ Ƶ ƹϷѰŰ Ϻη  ҳŶ鼭 ̷Ҹϰ  մ ϰ Դ°ų ϴ°  ִ  ٵ  ƹش޶  ϴϱϺη ڱⰡ Գ ȭδ ҳϰ ȭ ȹ޴  ãƿ԰  ֳ θ  Ѱ  ǳǳױ׸ ̰ ¹ °  پ˾ҳ ̰  Ƶ ģſ ȭ ̳׷°  Ǿص"
"14","ȭ   ߴ Դϴ  ߸׿ ¹ ٸġ ߴٴ° ٰ ʹ ؼ  Ѿ ״ ̾µ    "" װ ˾? ̰...""   ƹ  ׷ Ȱ ֵ ¼ٰ  ǰ װ ոӸ   ģ ̰   . ׸ ¹  ٸ ġ ߴٴ 뵵 Ƽ ֵ   ٰ ׿ Ἥ  Ǵٴ ʹ ˼ϰ δ   ڽϴ"
"15","¹ Ӵִ  "
"16","  ¹ ߿ ° ̳"
"17","ġΰ"
"18","16 Ƈ106 ؾ"
"19","ġ̷"
"20"," 츮  ״ ǥϼ̴"
"21","ɰ ҳ"
"22","¹ ҳ<U+2364><U+20DD><U+000130AD>  ׳  ּ ó ϸȵų ФФФФ"
"23"," ޽Ķ~!"
"24"," ٸ  "
"25"," ķϴ"
"26"," ̵ "
"27","  ¹ е帳 ׳ ȭ   ϱ   ߸  ̳ ... ٸ     ȭ   "
"28"," 簡 ȭҶ   Ÿ  ƴѰ?"
"29","¹,  Ʊ ҳ  ƶ"
"30","<U+30FD>/ ^^<U+30FD>߫ <U+30FD> `/`/ ң١ ١<U+30FD>( (߲<U+30FD>ѡ /||<U+FF89>ҡ <U+30FD> <U+30FD>ߣߣߣ<U+FF64>ߣ_ (  <U+FF89> /<U+FF90>`<U+30FC><U+5F61><U+30FD>/<U+30FD>_ |"
"31","̰V¹¹ԹV"
"32","ƴ  ֵ ƹ͵ 𸣸鼭  볻"
"33","....."
"34"," ̰ ġ̷..."
"35"," ↶¹ ִ "
"36","ġ̷"
"37","ҳ "
"38"," ƿ ɰѰ ˾Ҵµϱ...ɰ"
"39","  ҳ   100  ..."
"40","3°  ڳ ..."
"41","׿߿ ͳ  Ѱ  "
"42","ֿ ʹ ϴ Ф"
"43","¹ ִ µ ݼҰԿ̴ Ӵϲ ó׿"
"44","̰    ūϳ"
"45","̴ٸ ӱ ¹ Ӵ"
"46","ƴ   ϸ ̰쿩..;;"
"47","¥ ¹ ٽô Ⱦµ ũϰ ٽ Գ...  ȥ  °ź ϴٽʹ ᱹ   Ա..    ڽ̶  ϳ  ̶  Ҿ.."
"48","üҸ ¹    296ȭ Ϸ  ų."
"49",""
"50","׷  Ŷ  ҳ  ̴  ֆ      ΰ ?"
"51","߾Ϲ  "
"52","ѽ"
"53","ó ̴ٶ @γ"
"54","9° 赫Ծ  ¹ Դµ "
"55","̿߿ ǳ"
"56"," Ӵϵ µ ...."
"57","¹  ̴ ???? ʿ ֱ ߸Ѽ ְ  Ǵµ ???"
"58","3°赫 !"
"59"," ȣ .."
"60","̶ ..¹ .."
"61","¥ 1 ݵڿ ġ Գ"
"62","¹ ̹   "
"63","׸ 1  .."
"64","¹   ƿ.彺  󱸽 Ʈ ó"
"65","ʿԽϴ ٵ  ļ  ǰ еϵ"
"66","ֽȭ» "
"67","ƴ Ḹ  ǵ   丮 Ǵκ ҹڳ ҹ......."
"68","ٽ/// ֛A ٽڶ "
"69","   :;;;;"
"70","..."
"71","ɾ<U+0001F49C>"
"72","׳  Ű   ȵµ"
"73","ƺīŸ 긮Ƽ  ~"
"74"," Ӵϵ   λ縦  ȭ־ϰ.."
"75","16ڿ  ǳ ۰տ ˽Դϴ"
"76","1 ƴ϶ ©    ݾ  Ȱ"
"77","1  ;;"
"78","3°   Խϴ.ƽ 3ǰ ּ"
"79","̷ Խϴ. ΰ  ȸϷ Խϴ."
"80"," 3°  Ӥ̷ ̳"
"81"," 3°   ƴ٤"
"82","¹ ũ "
"83","¹   ..  е ̸ ߉"
"84","¹ξ ޳ "
"85","¹  η..."
"86","¹ ̳..."
"87"," ۵鵵 פ  17̶ ְ ƴµ ޽̶ X  ־? ְ ݾƤ ְ    Ƿ ϶ ߴݾƤ  ۵ ̳   鸸 ֳפ"
"88","Ӵ  ¹̰ ġ Ӵϲ ̴ٸ ּ"
"89"," ¡ 1  ƴ 5 ⾿...(ֳϸ ¡ 1 6 ̻  ڴ Ȱ.): ¹  "
"90","¹ г ִµ;̰ ȴٰ ο Ű..;;;"
"91","16 ª.."
"92","ġ"
"93","¹ξ ĵ ϱ ¹  ø"
"94"," ȥ ¹  ° ¥ Ҿϰ..."
"95"," ð   ϳƳ? 翡 16Ŀ ¹ ´ٴϱ  ¹    Ǯ.."
"96","̼Ǵ.. ..  ƽ?   Ͼ.,"
"97","̷ ϱ...    峢 ڸ ...  Ӹ  Ǻ... ڰ ̵ ׷  ׷ ڸ̵ ׷.. ҳ  ³"
"98","¹ Ѵ..... ¥   ̻ ϸ ׿"
"99","¹=󱸽 Ʈ ȣ=׶󵥿콺=̵ νþ"
"100"," ¹    󱸽 Ʈ ϴٴ  ϰ ."
"101","ص ܿ 232̶...."
"102","¹ξӴ մϴ"
"103","~ÿ"
"104","ġ̷"
"105","ٵ   ֵθ  찡  ƴѰ? ̰ ǿܷ ׳ Ѿ."
"106","....ǿѹ.."
"107"," ¹    ¯ µ  Ӵ    "
"108","׶    ġ "
"109","ᱹ ¹  ކ"
"110","ȣ  4ũ  "
"111","¹ ԰  ȣó  Ǵ 丮 ÷ּ "
"112","¹  ּ "
"113","  찡   Ⱦִ°ſ  ..ʹ ϰ ε..׷.."
"114"," ġ  ¹ε а  Ƶ й. ¥ Ӵ  ϳ"
"115","̰ ׳  1⵿ ٰ ѹ  ̳"
"116"," ʵ"
"117","Ӵ  ġ ҹ"
"118","Ź Ź̶Ȱ"
"119","  Ҽ ִµ   ϳ. "
"120","   ""̰~...""ϴ° Ϳ"
"121"," ̰ Ź̶ Ȱ Ź̴!"
"122","¹ 1г  ҳ ϱ Ҵ 3г ߼ε"
"123","ž ȣ ִٸ  ¹° ִ."
"124","   밡Ĥ"
"125"," 񺸸  ߤ"
"126"," ѳ 񰡸 ׳ ؾ... ׳ɵΰֳ ..."
"127"," Ҿ ٵ¹¡ ޾Ƶ ҵֶ ָ ȵű׷츮  ̤ư"
"128","̰ ֿ ġ̶ ҹ "
"129"," ú극   ٲ    ͼ ģ٤ ...."
"130","3 ̶  ̶ ٲ ......"
"131"," ¹κ ¹ξӴϰ  ??"
"132"," ۰!   Űµ~~"
"133","۰ ¹    ϴ   ׷ֽø ȵſ? ʹ ͳ׿"
"134","з  .....Ф"
"135"," ¹  "
"136","  ĳ ʹ ׿ ¥..̴ٵ   ƴѰͰ鼭  ȿڰ..¥  ʹ..("
"137","      մ ġ°Դ翬?  ̻ѻ Ҷ̾ Ƶ鶧ε  гܼ "
"138","긮Ʈ ~~~ĺ"
"139",":Ͽ ؿ ϴ  ¿    .Ÿ ƴմϴ."
"140"," ȭ  ġҹԴϴ "
"141"," ŸƴϿ? "
"142"," !"
"143"," "
"144","¹   𸥴 ϳ"
"145","ġ̎"
"146","ڼ ϱ ̰찡 ¹ Ȇ"
"147"," ̹ ̴ ϴ   ĸ¾ƾ"
"148","¹ ڲĿ Ҿϰ"
"149","¹ξؿ ô ҳ "
"150","ũ.... ̴"
"151","츮 = ''μ =''¹"
"152","״ϱԵ  Ķ ° 巯° ʽ."
"153","Ʒ۴ ̰ɺ𸣰 ¹ Ϲ ¾Ƽ    Ǵ ο  ذẼ ־ ֹ ǹ  ϴپ󸶳 ¾Ҵ   Ϲ ˴  Ǹ  ϴ Ȳ  ¹' ġ '  Ծ  ָԴϸ ֵ ο̰ ֺ ظ ϰ ̰츦   ٴٸ Ҽִ ɼ ־ ˰  ҿ ̰쿡Ծǰ ǰ־ٴ ֺ  ΰٸ ε ҷȮҼִºκ̶   ΰ.   ƹ  ġ ̴ϴ."
"154","ٵ ǹ ģŵ ̰  ̰찡   1  ڰ մ°?  ޽̶ ߸𸣴ϱ   Ф"
"155","̰ Ǽҵ   3 Ѿµ  ̰찡  ϰ  ѵ ̷ִ ̷  ذᵵ ȵǰ Ȯ   丮  δϱ   ȳ"
"156","ȣ  ΰ? ׷ "
"157","    Ⱥó..."
"158"," ¹ξӴ Ƶ ƹ ų ° ?"
"159","̼  µ"
"160","մϴ"
"161","¹ ° "
"162","¹ ٸ л״ е帳 ġ ٴϱ淡 Ӵ Ȱ ˾Ҵµ ˱ "
"163","...,."
"164","̰찡 óȹ޴:̼̰ٸ Ȱ¹ ó޴:̼ ȣ̶ó?  ٸ ⸦ֵθ"
"165","۰Ǹ"
"166","ȯ ߿ ̷..., ̰, ¹   θ ڽ   ̰ ߵ  ƺ ¾Ƽ ׷ ׷ ɾ༭ ְ ߶Ծ    ƺ ȥϰ   Ű澲 ߴµ ٸ θ ׷ ʳ"
"167"," ߿ ť "
"168"," 1 6  ¹̶ ȣ  ̰ ٱ° ƴ?! Ѵ ̰ ǰ ϱ... ¹,ȣ Ѵ ̴  Ű"
"169","1 6  ¹ ɿ ѹ õ"
"170","ش ̰  ?"
"171","̰찡 ġ ũ 밡ķġ ߴµ¹ ׹ߴĵ ó޴°  ƴѵ ̰ ó ȹ?"
"172","¹ ° ¥ Ҹ;;"
"173","긮Ʈ "
"174","߸  Ӿ; "
"175","   ҰŰҴ  ҳ ׳  ..."
"176","¹  ?"
"177","۰ 1 6 ڿ  ¹ ⿬ ּ. ׶ 찡  Ĺ.  ڸ̵ ǵ ̵ֿ Ĺ ּ."
"178","۰Ǹ Ŀ"
"179","̰ܿ...?!°ɾ󸹾ƽȾϽô˾ƿ?¥ʹ"
"180","1 6 ڸ  ֵ Ҷ ȳڳ׿"
"181","ͳ  ."
"182","\\\\\\\\\\\\\\\\\\\\\\\\\\\\\\\\\\\\\\\"
"183"," ƴѰ ³      ڳ"
"184","  ̆"
"185","̰ 츮  ó ص ؾѴ"
"186","ֵ 3 1б Ǹ ¹ Ұ "
"187","    7²  վ"
"188","Ӵ...  ʹۿ µ ϴ¸̸..Ф̤̤̤̤"
"189","۰  V"
"190","ҳ"
"191","̰Ź  "
"192","ٵ ¹ö ʾҳ?1 6 ȰͰ"
"193","їїїїїїїїїїїїїїїїїїїїїїїїїїїїїїїїїїїїїїїїїїїїїїїїїїїїїїїїїїїїїїїїїїїїїїїї"
"194","їїїїїїїїїїїїїїїїїїїїїїїїїїїїїїїїїїїїїїїїїїїїїїїїїїїїїїїїїїїїїїїїїїїїїїїї"
"195","̴ ¹ ҳ ٽô  餻"
"196","ϰ Ÿ "
"197"," ¹    ȳҳ׿. ¡ 1 6̸"
"198"," ġ~"
"199","."
"200"," ϴµ  ߴ ġ"
"201","̰ ġ̷"
"202","¹  Ҹ;;; x"
"203","1 6  1 6 .."
"204","ױ Ԥ"
"205","߰  ũӾߤ"
"206","żġɷߴٰ񺸰 Ծ  ؾߵɵ"
"207","<U+2757><U+0001F632><U+2757><U+2757><U+2757><U+2757><U+0001F632><U+0001F632><U+0001F632><U+2757><U+2757><U+0001F632><U+2757><U+2757><U+2757><U+2757><U+2757><U+0001F632><U+0001F632><U+0001F632><U+0001F632><U+2757><U+0001F632><U+0001F632><U+0001F632><U+2757><U+0001F632><U+2757><U+2757><U+0001F632><U+0001F632><U+0001F632><U+0001F632><U+2757><U+2757><U+0001F632><U+2757><U+2757><U+2757><U+2757><U+2757><U+2757><U+2757><U+0001F632><U+0001F632><U+0001F632><U+0001F632><U+0001F632><U+2757><U+2757><U+2757><U+2757><U+2757><U+0001F632><U+2757><U+2757><U+2757><U+2757><U+2757><U+0001F632>"
"208"," ¥  ..."
"209"," ڱ ģ ̰ε ° ¹? ̵ǳ ״̿ ̰ ׳ ƹ ¡ٰ?"
"210","To.-  ߰ ٽô  . From.  ڰ-"
"211","ġ̷"
"212","¹.. ȥԸ ;"
"213","ʹ   ¹δ 뷩濡  ֺ  "
"214","¹  ֿҰǱ Ҵµ츦ǵȵ̾"
"215","Ǵ δ"
"216","̰ ġ̷"
"217"," ¹ 鼭  ̰¾鼭  ̰"
"218","۰ 翡 232 V"
"219","ģ:װž˾? ̰ ġ̷~ :(..!!)"
"220"," ¹    ̼"
"221"," 16  ۤ"
"222",", (¹  )"
"223","¹  ڲ ҳ    û  "
"224","¹  ̴"
"225","ƴ 2δ   ¹  ȱ׷ Ƶ 16  ¹ ü ϰ °  å"
"226","16̸ 3г Ĺݿ ٽ ϴ° ƴ..?"
"227","ƴϱ׿߿ ڵ  G"
"228","  ̶ ٽø° ε...."
"229"," ġ̶ ҹ  "
"230","¹   ѳ"
"231","ù° ̴ : ̰찡 ¹   ŵι° ̴ : ¹  ¹ ҳ ° "
"232","찡԰ִ Ķ "
"233","غ ̰ ̶ ֿ ߹ ǵ аܿ  ġ ȴٰ ڸѴ ǰ᳻° ..;"
"234","긮Ƽ  ԰ ƴ ԰    մٰ ؾߵǳ ¦ մ  Դϴ!"
"235"," ̵ 긮Ƽ  ٸѸ Ƽ 屸ꤾ"
"236","ƴ̤ФФ 츮  ֤þФФФ 쾾ӤФ"
"237",":װž˾?̰(̷)"
"238","ٵ ¥ ̸ 찡 ƴµ  ƹ? Ư  ڷ ǰ"
"239","3  2 "
"240"," Ѿϴ  ¹  Ұ"
"241","¹ ϰ ̰ ĥ .."
"242","׳ ¹   Ƴ   ҳ  "
"243","¹ Ӵ ؿ  ¥ ⼭ ̴ ĳ"
"244","¹ξ ̴ٳ? ̰   ʵ̾ ;;; ֻ  Ű θ å  ε... ָ  ϸǳ. θ ̳"
"245","־ƹ ȹ? 1578Ͽ  ˷ֽŴٰߴµ"
"246","¹ξ ʴ ҳ̵ ҿ Ƶ ڶְ 16 ?"
"247","? 16  2޾Ƴ? ..ſΰ"
"248"," ¹  ! 갡   ص    ־ ׷аŴϱ ٸֵ  ˾Ƽ ״ ϴ     ......¥ ٱ ̷鼭  ¥ ߾̿ "
"249"," ڷ"
"250","ä ¹  ۰ǵ  Ժ°..?ڱ Ƶ̶ ũ ȸ ƹġ ϶  θ°ǵ  ũԳ ¹  ..."
"251","ٴµ  ־"
"252","¹ Ӵ Ϻ"
"253","¹ 16  Ѵ."
"254","·  ѵ ȿ´"
"255","  ʹۿ µ.. ڳ ...Ф"
"256",";"
"257","¹  ڲ ɰ;;;"
"258"," Ʈ͵"
"259"," 濹ε"
"260","쾾 ¹οʿ byeմ° ǹ̰մ° ƴ϶ 귣 OBEY Ѱ  ǹ̺ο "
"261",""
"262","ѹα ȸ ߹ݿ߳"
"263","ڤ ̰  Ǥ"
"264","( <U+FF65><U+FF65>)(<U+2584><U+FE3B><U+2587><U+2584><U+FE3B><U+2550><U+0001F4A5><U+0001F4A5>/ )( /۳ζѾѾ"
"265","ѹα ǹݿ̶ ۰  ̹ ص  Ƴ   ν"
"266","۰ °   𸣰ھ Ųٷ оҴ   յ"
"267","ƴ ̾ ڲ ׸ ׷? ̰ ٺϱ ġ~?"
"268","̰ ġ̷ "
"269"," װž˾?̰ Ż (ƴմϴ.   Ť)"
"270","̰ ں ..."
"271","?  Ƶ ϰ  ҳ  ǵ ƴ?"
"272"," ڿ ɾִ¾ Ӽ?"
"273"," ġ ݾ ߤ̤̤"
"274"," ̰     ġ µ."
"275",", װ ˾? ̰...x ߻嵥"
"276"," ǵġʰ е帳"
"277","񤻤 ִ "
"278","ģ  ټ Ϻε  ˾"
"279"," ޽Ķ~"
"280","۰ 90ȭ  2 ƴµ   ȳ?̤"
"281"," ȭ. 1 6  ܵ ǿ"
"282","׳ ű⼭  ¹ξ"
"283","ҳ ¥ΰ X"
"284"," ޽Ķ~~"
"285","ƿ  ǰ X̳ "
"286"," θ𼱿ȳ "
"287","屳   ֳ"
"288","¹ξ ÿ ٵ ¹   ...  ġ!?"
"289","  źҤ"
"290","¹ ̸ ٷ ġ忡 ų  Ͼ "
"291","ҳ "
"292","200ȭ ¹̶ ̰  οٿ  ǥ "
"293","1 6???!!! ϳ ?????!!!"
"294","..... ....."
"295","Ǵθ 簡 ֿȴٰ"
"296","¹ ҽ... θ   Ƴ..."
"297"," ϸ   Ŀ ش"
"298","̰ ¥   Ѵ...ϴ  ôµ ڱ Ⱦְ־...̤"
"299","׳  װϽ...."
"300","¹  ٽó° ƴϰ.??"
"301","۰  Űô± "
"302","¹ Ӵ  ε~~"
"303","ۿ  ޽Ķ찡 ʵ̴"
"304","̰ġ"
"305","16 ȳ  ҳ  ƴ ִ6  ֺ» ˵"
"306","濹ڴ"
"307","¹ Ƽ ׳  зε"
"308","۰   츮ϰ ִ Ŭ Ȱ"
"309","\\\\\\\\\\\\\\\\\\\\\\\\\\\\\\\\\\\\\\\\\\\\\\\"
"310"," 츮  μ ׷ ø ¡ °͵ ׷."
"311","""_"""
"312","¹ 16 氡  ֵ ĸ°  صŶ󤻤"
"313","¹  °ǵ   ? ڰ  ٸ̷ ٸ  ȳ "
"314"," ¹ θ   Ÿ   Ȱ ְ ݵǴ  ƿ ׷ź   ٸ ˼ִµ"
"315"," ¹ΰ̳   Ƴ ģƵ ҳ  ? ¹ 븦  ʴ± ׷ ¹   ƴϳ ڱƵ鸸 ̻a"
"316","========================================================================================================================================"
"317","ٵ  ö ȰŰ"
"318","ġ̷!!"
"319","ȭ..?"
"320","ҳ ƴϰ ҷ "
"321","ҳ 2 ְ̰  ̻  Ұմϴ. ߿ 3г 2б  ¹ ϸ  ū  Ű  .  ϸ ¹ ī Ʊ׹̰ ߿  ȣ ׶󵥿콺 ̶ ϸ ˴ϴ."
"322"," "
"323","̻Ϻ "
"324","̰찡 ڱ  ȴ°źФ"
"325","¹λ  ڸ ϵ ¾ƙC  ź"
"326",""
"327","??   ¹ξ ¹  ҳ ֵ Ǯְ ¹  ̰  ϵ ȥµ ڱ   ҳ  ϴϱ Ű 񹺼Ҹ"
"328","10ȣ ӽ 14̰  2ε Z𸣴   ڽϳ뤻"
"329","1 ü  °Ӥ"
"330","1ݵڿ ͼ ̰ ¼ ̶  °~"
"331","¹ Ӵ  Դϴ."
"332","л ... ҳ ٿ԰ų ҳ  ٿ ֵ   ߳    ǳϰ  ֵ ѹ ???  ª 帮 ڽ Ҵ ҳ, ҳⱳҿ ڰ   ƴմϴ. ߿ 渶   װ  5~6 ٵ  5~6   ֵ鵵 ƴϰ  ģֵԴϴ. ˸̾ پϰ ׷ֵ ̿ ڽ   ؼ  Ǳ Դϴ. ¥  ױ...( ι ڵ 21  ߸ ׹δ ҳ ΰɷ ) ƹư ׷ ӿ ڽ ̾  ?? Ͻô  ǵ  ¹޾ġ... ˰ ƹ͵ ƴѰ͵Դϴ...    ƴ  ̶  ġް ο ƿ..."
"333"," ġ  ˾Ұپ  ߸  a"
"334","Ƶٽ->ƴٵ"
"335","Ϳ~ װ ¹ M е ~"
"336","׽Ÿθ  徿Ŀο´ٰ  뷡?"
"337","  ȴٴµ ̰  ްԿ ̴Դϴ."
"338"," 嵮  !!!!"
"339","¹      "
"340","¹16ڿͼ ڸ°źϱ ڸϰ Ͱ ˻"
"341","¹ ڲ ɰ "
"342","ġ"
"343","^^߲!!"
"344","ҳ 10ȣ"
"345","¹ Ӵ ũ ؿ:D"
"346","ȭ!̰ ġ  !! "
"347","긮Ƽ   긮Ƽ Ʈ?"
"348","¹ ϰ °  ¥;;"
"349"," ?"
"350","1 6 µ   ԉ?"
"351","з....  ªƼ ׷ ....."
"352"," ̰찰 ģ N ..."
"353","׿߿ ϴ¾ ¹    ϳ,,"
"354","Ӵ ʹ §..Ф"
"355"," ú  츮"
"356"," а ̾ߤ 尰.."
"357"," 1µ ڱ  ˷ֽ??"
"358","  ڸ  "
"359","¹  ȣ..."
"360",""
"361","¥ ³ 濡 ͵  ֳı?  Ÿڿϱ"
"362","."
"363","١"
"364"," ¹ !  پ! ><"
"365","ƴϱ Ƴ"
"366","̿߿ 10밡  ¼¼ ϴ ۿ ڵ  ִ 232 .."
"367","긮ƮϤ   ٰ "
"368"," ν гڴ."
"369",", ѻ(GDP)     , ,     ü Ⱓ  Ȱ Ͽ â ΰġ Ǵ  깰 尡  հ. GDP 츮󿡼   ҵ ϹǷ, 츮 ͼ ϴ ܱ ٷ Ȱ GDP Եȴ."
"370"," ƴ϶  ƴѰ?(ΰ? ¹  ȭ Ҷ)"
"371","ġ̷~"
"372","ߺ ̰ ¹̶ Ȱ ִ."
"373","ƴ  ¹ ҽߴµ...   ܰ    ְ   Ǵ  ̻  ƴ? ׳ ҳ    ̴پ; ¹ε  Ǵٴ  ˷ִ   ְ ׵   Ѱ ´µ ׷  ̰  Ȱ ִµ ڱ    Ÿ    ʳ"
"374"," ̰ Ѻ ÷"
"375","̿߿ ˼ѵ Ӵ  ??"
"376"," հ  ̰  å"
"377","  ٰ ִ 232 ο "
"378"," 16 ȭ?"
"379","....................../<U+00AF>/)....................,/<U+00AF>../.................../..../............./<U+00AF>/'...'/<U+00AF><U+00AF>`........../'/.../..../......./<U+00AF>\........('(.......... <U+00AF>~/'...').........\.................'...../..........''...\.......... _. ............\..............(.................\.............\."
"380","ʱ :   ٸ  ư"
"381"," װ ˾? ̰.. ߻?"
"382","ο ޴¾ Ӽ ƴ??̳"
"383","Ե ٵ θȥ ϸ ڽ  ٲ ׷   ƴ?"
"384"," ¹ζ"
"385"," ġ...?"
"386","Ӽ аٴµ  Ҿմϱ...?"
"387","  ٸ?"
"388","۰!¹ ҳ ׳ ° ??¹   "
"389","                ٸ ġ ư"
"390","긮Ʈ ?"
"391","ġ"
"392","....̻Ȳ  ǥؾ  𸣰ڳ...//"
"393"," 찰  ֺ  ڤ̤̤ѤҤҤ̤̤̤̤Ѵ"
"394"," ġ"
"395","Ӽ ͽϴ"
"396"," ɰ"
"397","⼭ ִ Ҹ ȥݴϴ"
"398","ũ Ѱ ǰ..?"
"399","ٵ 1 6  ɸ... 2г ̳ 3г ʿ      ..."
"400","¹̰ Ҹϳ ε "
"401","...¹....??"
"402","ʱ -"
"403"," ν ƴ϶ ¹̿...;;S   ҳ    ༮ (  ۸  ʹٰ..;;ٵ¹  ȵņ)"
"404","  ڶ ̹ ȭ  ̹ Ǵ 찡  ǵ ް   󸶳 ѽ , ڱⰡ  ֵ 󸶳 ó޾   鼭  . 찡 ʹݿ ǰ ϰ شٴϴ װ 'ִ' ƴ϶ '߸ƴ' ġ ָԵ   ǥϰ . ׸  ޸ ſ ݵ Ծ  ϰ ִ ¹    ĳͷ ׷. ̰͸  ۰ ȭ  ǵ, ׷ ɼ ̰  ʴٴ  ƴµ ʹ, ׸   ڸ̳ ֵ  ٰ ȭ  ϴ  ҹ⸦ ع Ѵٰ "
"405"," ܼ   ̰ϰ µ,   Ǵ ûҳ       ȸ å  ϴ..    "
"406","¹ ڴ.."
"407","ڵ ִ 232"
"408","¹  ʹ  ..  ȵɵ...ҳ   ƿ..."
"409"," ߿ ¹    δ..;"
"410","1 8 "
"411"," ȸ Ʈ  Ư ¹ 1 6 ڿ  Ѵ"
"412","¹,   ɼ  ..... Ʊ    ¹   ⸦ Ÿ , ؼ   ҷ  ĥ  ."
"413","츮б .. 뷡ּ ϰ ٴϰ ֺ  ٰ ͼ ް ȣ Ȱ"
"414","ġ"
"415","¹ ׶ Խϴ."
"416"," 찡  ¹ ̷ ϸ Ͼ  OBYE ִµ...?..?"
"417","BYE ƴ϶ OBYBԴϴ .."
"418","¹λ ~~~~~   Ӵϰ ϳ  "
"419","°ź?"
"420","¹  ־ .. , е帳 Ѱžƴմϴ."
"421","; ׷ ãưſ??  ū׸̿?"
"422","ڱ  ˷ּ"
"423","¹ ʿ good bye ƴϰ  зѰŰ "
"424","̰  ° 褻 ٵ ߻褻"
"425","װ ˾? ̰ ġֵ!"
"426","¹   ȳϼ䤻"
"427","¹ Ӵϴ ǰ  Ƶ   "
"428","ƸӴϸ֤"
"429","¹ 2ɾּ ¡ 1 6 ޾ 1ɾּ ¡ 1 6 ޾Ұ 3ɾּ ¡ 2 ް"
"430"," ֹ ȭ   ȰƼ » ?"
"431"," ¹ ƿ ȳ ּ  ܿ"
"432","¹ Ǵ³¥ 20180106"
"433"," ¥ ̰   ٽ ̾ ڴ"
"434","۰!۰Ǹ  ܿ!ٰ ͠."
"435","   ٰ ...   ϼſ... ̰ܳ ڲ  Ư  𼺾ְ ĪҸؿ. ~ȿض  ž"
"436","16 ȭ  5  ־"
"437","̿߿   Ⱦִ° Ф"
"438","ڱ  ⿡ ˷شߴµ װ ̹ص Ⱦ˷ֽó"
"439"," ¹α氥ſ "
"440"," ¹  Ŭ   ̰ ҽ "
"441",""
"442","ϴ  Ǵ ̷ Ǽҵ峪 θԵ麸  䳪 ڸ̶ ݵ  ¹ θԵ ɻ ݽݸ鿡 ڸ Ӵ̳ Ӵ ɵ ̰ ϴ°  "
"443"," ־ĳ پ"
"444"," ۰ ...."
"445","¹ ̵ֹ ҳ "
"446"," ɰ  ˰ ġ,,,"
"447"," ġ~^^"
"448"," ¹  !!!"
"449","! ÿϴ  !"
"450","¹  ̴ "
"451","û  good bye ƴ϶  Ŀ obey ٲ㼭 ŰͰ  ߸  ö󰡳"
"452"," ƹ    ?"
"453","ƴ ̰ ٸ ׷   ɰų ƴٴ״ϱ װ  ġ ˰ ׿ ̴ װź ݹް ֺο ġȯڰ־ ϴٴ° ߾˾ƿ"
"454","¹  ɷ ״ ɷ  .. ȳ . ۳"
"455"," ¹ ź  ֻϵ 503ճ?"
"456","츮ӿ  "
"457","а ¹ ȸ (幵)"
"458","¹λ ҳ   ű⼭ ƶ"
"459","ФФФ ֿ ڸ ̾߱Ⱑ ־֤ġ)̰͵ ))"
"460","¹γ   ¹ Ű  Ƚ༭ ׷ 찰  Ѱϵ ׷ ھ ݸ ܵ ̰  "
"461","¹Τ"
"462","۰    ȳ͵ ҳ ..."
"463","ѱ  ҽ "
"464","ݼ ᰮ 1  پ̰  Ǯ"
"465","¹ ־ "
"466","̾ ¹ 嵮 ҳ  .   ̰ ڴ"
"467","  ѳ Ϳ "
"468","̰ ޽ǿ    Ż    ϰ Ż  ..."
"469","? ¹ ־"
"470","¹ ̾"
"471"," 1 6İ Ǵµ.....¹  λ߳ "
"472","-¹ο-....................../<U+00AF>/)....................,/<U+00AF>../.................../..../............./<U+00AF>/'...'/<U+00AF><U+00AF>`........../'/.../..../......./<U+00AF>\........('(.......... <U+00AF>~/'...').........\.................'...../..........''...\.......... _. ............\..............(.................\.............\.<U+2587><U+2508><U+258F><U+2581><U+2581><U+2581><U+2508><U+2587><U+2587><U+2587><U+2587><U+2571><U+2508><U+2587><U+2571><U+2571><U+258F><U+2587><U+2571><U+2508><U+2508><U+2508><U+2571><U+258F><U+2587><U+2571><U+2508><U+2508><U+2571><U+258F><U+2587><U+2587><U+2571><U+2587><U+2587><U+2587><U+2587><U+2587><U+2571><U+2508><U+2587><U+2587><U+2587><U+2587><U+2571><U+2508><U+2587><U+2571><U+2508><U+2581><U+2587><U+2571><U+2581><U+2581><U+2508><U+2508><U+2508><U+2587><U+2571><U+2508><U+2587><U+2571><U+258F><U+2571><U+2508><U+2587><U+2571><U+2508><U+2571><U+258F><U+2508><U+2508><U+2587><U+2587><U+2587><U+2587><U+2571><U+258F><U+2587><U+2587><U+2587><U+2587><U+2587><U+2571><U+2508><U+2508><U+2508><U+2587><U+2587><U+2587><U+2587><U+2571>"
"473","  ¹ ȭ ǿپ"
"474","¥ ۰ ȭ   "
"475","¹ 굵 簡  ʳ....     ٱ  ҳ"
"476","¹   ̴? ũ   غ Ⱦ Ƶ ҳ ֵƹ ϶° ݾ;;"
"477","    ķϳ ٵ ҳ ?.. ߵǴµ"
"478","ƺ ɰپ˾  ο ׷Ժΰ Ⱥ"
"479","ڿ  ɰ   Ӥ....."
"480","ƴ ¹ε ġµ  帧 Ȱ浵 ħ   ߴٰ  ¹  ũ °  ɾ"
"481","λ˳Ѱ1ִٳʳ?? 2̳ٵŬ󽺶°"
"482","̰   .."
"483"," ι  η"
"484"," ġε ҸԤ"
"485",";ƾƾƾ ¹  ҳ ±ƾƾ!! ׵     ¥µ"
"486",""
"487","׿߿   Ⱦ . ,. η"
"488"," װ ˾ ̰ ġԴϴ"
"489"," ¹ ťϴ   "
"490","ӽÿ"
"491","긮Ʈϼ"
"492","ƴ   goodbye  ¹̿  귣  obey ִµ ״  ϱ obye س"
"493","۰    ۽ °Ű.."
"494","۰Ǹ ƹġ"
"495"," ñ ¹οǼҵ嵵 ־ҵ θ  ϰ ¹ξ  Ȱſ     .."
"496","۰ 16縦 "
"497","......................(̱).......ϤϤmKϤϤϤũũīļļiļļļļļļ ߵƴ~~~ļļļļļļļļļļi"
"498","̰ ױ ʱ oh  ˼ ~~~"
"499","¹   ;;"
"500"," ȿϴ  Ƶ ɰ "
"501","  ɸµ  2̶°  ȵǰ ׼   µ 2  ͵  ȵǳ"
"502","    Ǹ ٲ㼭  ȴ޷ߴµ   Ÿ°ſ  ̴. 1 ġ̰ ¥ ͳ  ۿ°پ˰  2 ġ  ޾Ҵ"
"503"," ʹ  ð dh"
"504","׷ȿε^^"
"505","  ִ°  刪"
"506","  ̴"
"507"," ߿ ¹ ҳ ͼ  Ұ "
"508","ٵ     ̷ Ѱ ʹ   ׳ ..¹ζ ְ ׳ ʹ Ÿ Ŀ.."
"509","1 6   ..."
"510","¹ ֺ ̰ ʴٸ ´  ¹ ¡ 1 6 ߴ  ¹ ¡ 17  2500 ߾ ߴ"
"511"," ¹ 1  ȳ?"
"512","̹ ȭ 31° ""ƴ Ӵ...ƽݾƿ ..."" Ǿֳ׿Ÿ ε"
"513","...ÿ...޶  ̱Ф"
"514","¹ֵ̰鵵 п ϸ ° ûҳ ٲҵ ̸鹹ϳ ĸ԰ ϰ ϰŴϴµ ûҳٲ "
"515","    !   !"
"516","10ȣ"
"517","(cher****)  Ԥ ɼ ° "
"518","¹ ...  ũ  ڴ° ſ.."
"519","դ  տ ֿ̰   Ȱ   Ҹ....  ȰҴ  ƴϱ"
"520","¹Ƽ  Ƿ ƼΰŰ"
"521","  ޴ 츸 ճ..."
"522","찡 Ӵ ȾƵ帮°   ҳ..簰ϱ( ģ ) ߿ Ӵ ص ڴ.  ϰ  մϴ<U+0001F496>۰<U+0001F496><U+2764>"
"523","ȱ !! once upon a time ̼ٿȭ fly.   ؽ ׾  ູ"
"524","  ˾ҴV"
"525","¹"
"526","ٵ ¹ Ӵϵ   ִµ  ҳ ° °ġ  Ӵ ɶ ¯ ִ°    ¦ ŸϽŵ"
"527"," ڽð ͽ   ּ 1 ʤ"
"528","... ڸ"
"529",".̷   ߻ Ͼϴ"
"530","ģ 𸥴 ֳİٰ  "
"531","װ ˾?̰찡̲"
"532","  ٽ ڴ ¥ ̤"
"533","!۰̶  ̶  Ȱ?"
"534","  ...? ƿ"
"535"," ġ °ſ   "
"536"," ʱ̴ "
"537","̰ǿױ ʱ "
"538","ع?"
"539","ʰԳ    Ÿ ¹   ̳"
"540","ٵ  ҽѰ ¹̶  ¹ΰ 𸣴µ  ?"
"541"," ȸ ö ¥ 2016 7 6̴ϱ2018 1 뿡   Դϴ.    ʱ ڽϴ.   ;ϴ  ڽϱ"
"542"," μ ſ ¥ ̳ û ȭ   ׳  ¹ΤǤǤǤǤǤ"
"543","ֹ"
"544","¡ 1 6 ƴ϶ ¡ 23̿ߵ"
"545","̷ Խϴ. ġ̿"
"546"," ε ̰ ٺϱ "
"547","ȣ"
"548","̰  ? ̰͵!!"
"549","¹  "
"550","  ϸ鼭 ˾Ƴǵ 2015 78  ۰ 1   ϼ̴ϴ"
"551","ȭ ?..?հ ĥ  ??"
"552","̰  ױ ʱƤ-κٰ-BTS"
"553","̶̼   XŰ ľѴ"
"554","16? 15 ؾʰ?"
"555","ִ~ 19ó׿!󸪴 ~"
"556","¹ ٽ ȳ .."
"557","¹  ¡ ض ¥;;;"
"558"," ٸģɷ ġ̶ ҵ"
"559","μ ¹  "
"560"," ޽Ķ~  ȴ..."
"561","ȳϼ ġԴϴ  Ϸ Խϴġ  "
"562"," ູϰ ּ..Ф"
"563","׳ ¹ξ̰   ôϸ鼭  ǺѰŰ׿. Ӵϴ ǾȺŰ..  ̸ ƽôº???"
"564","¹ ҳ    ƴϴ. ǽǽ   ڲ ִ   ḻ뿡 ٽ ͼ  ų  .  ׳  ʰ."
"565","ҳ   ̴ٶ... ڽ  ٴµ   Ϸ ϰ ɵ     θ µ?  ־ ȣ Ͱ   õ̴. ᱹ ¹    ü θ ſ̶  ."
"566","  ׳ ҳ  µ ڽ θ ſԴϴ"
"567","˼ϴٸ ¹    混Ѵ?"
"568","<U+25AB><U+25AB><U+0001F64C><U+0001F64C><U+0001F64C><U+0001F64C><U+25AB><U+25AB>¹ξ  ̴<U+25AB><U+0001F64C><U+0001F44F><U+0001F44F><U+0001F44F><U+0001F44F><U+0001F64C><U+25AB>...ȴ<U+0001F64C><U+0001F44F><U+25AB><U+25AB><U+25AB><U+25AB><U+0001F44F><U+0001F64C><U+0001F64C><U+0001F44F> Exellent <U+0001F44F><U+0001F64C><U+0001F64C><U+0001F44F><U+25AB><U+25AB><U+25AB><U+25AB><U+0001F44F><U+0001F64C><U+25AB><U+0001F64C><U+0001F44F><U+0001F44F><U+0001F44F><U+0001F44F><U+0001F64C><U+25AB><U+25AB><U+25AB><U+0001F64C><U+0001F64C><U+0001F64C><U+0001F64C><U+25AB>"
"569","߿ ε  ڳ"
"570"," Ƴ  ¹  ǽ"
"571","¹ξӴ ̴"
"572","16 ȴ...׷  19춧ڳ "
"573","б  ޾ ߻ϴϱ ̰  Ŭ ϴ°Ű   ļ ٫µ ҳ"
"574","¹ ̿~"
"575","þȺŰ䢽"
"576","ҳ Ƕ"
"577","ϴٺǵ 1 ۰   1  ߴµ δϱ"
"578"," ̰ ¹   ǳϰ  "
"579","¹    Ƶ״ٰ ġ ʰ  ϰ  츮󿡼  Ȳ"
"580","񤡤ؤ"
"581","ټ  䰢  ϳ! ǰ"
"582"," ׸ ϰ ׸ .. ³  Ⱦ..."
"583","()¹ ҳ()"
"584","߰ ߾Ϲ~~"
"585","16̸  21 5̳ ª  䵵    ̵̳ "
"586",""
"587","¹ ֹ   "
"588","ɶ ϳڳ"
"589"," ٽ  "
"590","   Ͼ ̿?"
"591","  9 Ű"
"592","ƴϱٵ찡ڳ"
"593"," ȭ ó   ɰѰ ˾Ҵµ...ġ"
"594"," ߉ ߰"
"595","  ߸ obye  ѰͰ.."
"596","ٵ  ؿ   Ҹΰ ߿   ұ 1 6̶    ݵ  ٵ"
"597","13001"
"598","13001"
"599","13000"
"600","  ̱"
"601"," "
"602","¹ 1 6 ִٰ  1ð 6 ̳ ĥ"
"603","¹߉"
"604"," ̻"
"605","λ̴ٴ  ¥  ¹ ¥"
"606",""
"607","Ӵ.. 찡  ģ ƴݾƿФФФ"
"608","¹ ׳  մϴ!մϴ!  "
"609"," 츮 긮 Ű뢽"
"610"," ¹ξ  Ҵ "
"611",""
"612"," ¹   ٸ   1 6   ּ"
"613"," Ű߳"
"614","¹ г OOOϸ Ӥ"
"615"," ҳ  Ӹ ٱƿ䤻"
"616"," ҳ  γ"
"617","׾ ȸ ٿ ǥ"
"618","////////// ///////////   | | ( ) --------"
"619","......?"
"620","ڰ"
"621","۰ 90ȭ 1Ŀ Ѵٴ ..?"
"622","¹  ־.."
"623","罺 "
"624","    ʳ"
"625"," ̾߱  . ̰...."
"626"," 5 ߵ ʳ~~~~~"
"627","  ҿ"
"628",""
"629","ӽÿϴ"
"630"," 츮  ġ ذŰ  ûҳ̶ ٿְų ϵ"
"631","ġ"
"632","ܿ1.."
"633"," ͼ ̳  "
"634","׿߿ Ƶٽ ƴٵ𽺷 Ǿֳ "
"635","۵ 𸣰 ٳ"
"636","۰Բ 1 6 縦 ϼ̽ϴ"
"637","¹ μ ޾ҳ"
"638","~ ο︱ -"
"639","  ¹ гֳ"
"640"," ýϴ!"
"641","׳ ¹ ҳ  16 ִٰ  ״°ɷ "
"642"," ġ"
"643"," ġҹ"
"644","     r "
"645","۰  "
"646","<U+2591><U+2591><U+2591><U+2591><U+2591><U+2591><U+2591><U+2591><U+2591> <U+2591><U+2591><U+2591><U+2591><U+2591><U+2591><U+2591><U+2591><U+2591><U+2591><U+2591><U+2588><U+2591><U+2591><U+2588><U+2591><U+2591><U+2591><U+2591><U+2591><U+2591><U+2591><U+2591><U+2591> <U+2591><U+2591><U+2591><U+2591><U+2591><U+2591><U+2591><U+2591><U+2591><U+2591><U+2591><U+2588><U+2591><U+2591><U+2588><U+2591><U+2591><U+2591><U+2591><U+2591><U+2591><U+2591><U+2591><U+2591> <U+2591><U+2591><U+2591><U+2591><U+2591><U+2591><U+2591><U+2591><U+2591><U+2591><U+2588><U+2591><U+2591><U+2591><U+2588><U+2591><U+2591><U+2591><U+2591><U+2591><U+2591><U+2591><U+2591><U+2591> <U+2591><U+2591><U+2591><U+2591><U+2591><U+2591><U+2591><U+2591><U+2591><U+2588><U+2591><U+2591><U+2591><U+2591><U+2588><U+2591><U+2591><U+2591><U+2591><U+2591><U+2591><U+2591><U+2591><U+2591> <U+2588><U+2588><U+2588><U+2588><U+2588><U+2588><U+2584><U+2584><U+2588><U+2591><U+2591><U+2591><U+2591><U+2591><U+2588><U+2588><U+2588><U+2588><U+2588><U+2588><U+2584><U+2591><U+2591><U+2591> <U+2593><U+2593><U+2593><U+2593><U+2593><U+2593><U+2588><U+2591><U+2591><U+2591><U+2591><U+2591><U+2591><U+2591><U+2591><U+2591><U+2591><U+2591><U+2591><U+2591><U+2591><U+2588><U+2591><U+2591> <U+2593><U+2593><U+2593><U+2593><U+2593><U+2593><U+2588><U+2591><U+2591><U+2591><U+2591><U+2591><U+2591><U+2591><U+2591><U+2591><U+2591><U+2591><U+2591><U+2591><U+2591><U+2588><U+2591><U+2591> <U+2593><U+2593><U+2593><U+2593><U+2593><U+2593><U+2588><U+2591><U+2591><U+2591><U+2591><U+2591><U+2591><U+2591><U+2591><U+2591><U+2591><U+2591><U+2591><U+2591><U+2591><U+2588><U+2591><U+2591> <U+2593><U+2593><U+2593><U+2593><U+2593><U+2593><U+2588><U+2591><U+2591><U+2591><U+2591><U+2591><U+2591><U+2591><U+2591><U+2591><U+2591><U+2591><U+2591><U+2591><U+2591><U+2588><U+2591><U+2591> <U+2593><U+2593><U+2593><U+2593><U+2593><U+2593><U+2588><U+2591><U+2591><U+2591><U+2591><U+2591><U+2591><U+2591><U+2591><U+2591><U+2591><U+2591><U+2591><U+2591><U+2591><U+2588><U+2591><U+2591> <U+2593><U+2593><U+2593><U+2593><U+2593><U+2593><U+2588><U+2588><U+2588><U+2588><U+2588><U+2591><U+2591><U+2591><U+2591><U+2591><U+2591><U+2591><U+2591><U+2591><U+2588><U+2588><U+2591><U+2591> <U+2588><U+2588><U+2588><U+2588><U+2588><U+2580><U+2591><U+2591><U+2591><U+2591><U+2580><U+2580><U+2588><U+2588><U+2588><U+2588><U+2588><U+2588><U+2588><U+2588><U+2591><U+2591><U+2591><U+2591>"
"647","  ܵ 1 6 ??ͤ ƴٴ´ ? Ŭ󽺻ɼ  °žƳ?̳ ̾ߤ ̵ ȭ? ޽Ķ~(?)"
"648","ȭ ֿ ڱ ģ鿡 ̰ Ұŷ ġ̶ ϰ ҹ θ  ̴ϴ.׸  װ  Ȳϴ ̴ϴ.OK Ե? ٸ ģǵ ġ ɸ Ȱſ."
"649"," ¡ 16 ٿ   ˴ϴ ¹  ̰ڳ׿"
"650","ٵ...̰ ȭ ۰ ?"
"651","ƾǹ"
"652"," ¹ξӴϲ  ȉ´ٰ?ģ  ̳  Ż ε... ڰ?"
"653","ٵ ¹  ° ϱ ణ ҽ"
"654"," ʹ ̴~~ 10"
"655","¹̰ ȴ ƺ ȴ"
"656","ġ"
"657","۰ ؿ  ¥ Ǽ.."
"658","ʿ ¹ΰ ָ  ȣ ׵; ׳  ڶǿ"
"659","...  ȥߵ!!!!!!!~~~~~~~"
"660","ٵ ¹  ϰ ɰ°ž"
"661","10ȣ ų "
"662","긮Ƽ ؾ վϴ. ۰Ԥ"
"663","  ɿϳ.."
"664","16 ư  ׳ λ  "
"665","ȣ "
"666","?? ƴ??"
"667","ñ"
"668"," ۰ Űô   ƿ!!"
"669","ѵ  ι"
"670","Ұϻ̾??"
"671","ճ ȳ?^*&"
"672","¹      ʰ..;;;; ҳ ͼ....."
"673","߾Ͽ;"
"674"," װž˾ ̰.....߻뢽"
"675"," º̶"
"676","º   ߸߳ ̱"
"677","rlad     ̵? η ¥.."
"678","  赫̿ "
"679","쵵     Ƶ ־ ڴ"
"680","  ʹ η׿.. ƺ ȥϰ 츸 ϸ µ 츮 ƺ ȥϰ ٶ̳ ǰ.. ܻ̰ ҸӴϿ  ״ ƺ  ̻  ׸׿.."
"681","1 6 ?...  츮  ǳ "
"682","۰  ˾Ƶڴ "
"683","(1ܰ) Ʋ׸ã <U+0001F362><U+0001F362><U+0001F362><U+0001F362><U+0001F362><U+0001F362><U+0001F362><U+0001F362><U+0001F362><U+0001F362><U+0001F362><U+0001F362><U+0001F362><U+0001F362><U+0001F362><U+0001F362><U+0001F362><U+0001F362><U+0001F362><U+0001F362><U+0001F362><U+0001F362><U+0001F362><U+0001F362><U+0001F362><U+0001F362><U+0001F362><U+0001F362><U+0001F362><U+0001F362><U+0001F362><U+0001F362><U+0001F362><U+0001F362><U+0001F362><U+0001F362><U+0001F362><U+0001F362><U+0001F362><U+0001F362><U+0001F362><U+0001F362><U+0001F362><U+0001F362><U+0001F362><U+0001F362><U+0001F362><U+0001F362><U+0001F362><U+0001F362><U+0001F362><U+0001F362><U+0001F362><U+0001F362><U+0001F362><U+0001F362><U+0001F362><U+0001F362><U+0001F362><U+0001F362><U+0001F362><U+0001F362><U+0001F362><U+0001F362><U+0001F362><U+0001F362><U+0001F362><U+0001F362><U+0001F362><U+0001F362><U+0001F361><U+0001F362><U+0001F362><U+0001F362><U+0001F362><U+0001F362><U+0001F362><U+0001F362><U+0001F362><U+0001F362><U+0001F362><U+0001F362><U+0001F362><U+0001F362><U+0001F362><U+0001F362><U+0001F362><U+0001F362><U+0001F362><U+0001F362><U+0001F362><U+0001F362><U+0001F362><U+0001F362><U+0001F362><U+0001F362><U+0001F362><U+0001F362><U+0001F362><U+0001F362>"
"684","׿߿ 翡 232ڵ 褻"
"685",""
"686","  ̴ٴ 1"
"687","¹ ־?"
"688"," ¹ξ ϱ "
"689","_<U+30FD>  ˣߥˡ ( '' ) ><U+30FD> ĩ/  ء // <U+FF9A>Ρ <U+30FD>_ εĩ// //|((<U+30FD> ĩ||| <U+4E3F>  ) εĩ| |) /` )L<U+FF89>"
"690"," 12ƿ OBEY ִ  d ۰  빮ܵ dϳ ҹڰڳ"
"691","߉   ¹ ̴ ƿ Źؿ/"
"692"," ޽Ķ  "
"693"," "
"694",";;    ۾ 翬 OBEY  ٲ۰ݾ;;; Ʒп ,,"
"695","OBEY    ٲ۰ű  good bye  ʿ  ۾ũ good bye µ...  ȷ ߰ڴ"
"696","۵ ٻ̴ٱ!!"
"697","   ƲȴٰѴ"
"698","ûҳ 1~10ȣսϴ.ȣ  ĥ   Դϴ. ⼭𸣴ºеؾ˷帳ϴ.  ȴٴ°  ɻ̶°ϴ.ٴ⿣10ȣް 16 ްԵ ̼ڶ پä 12 ڿ ҳⱳҿ ݴϴ.ٴ10ȣ޳   ̼    ԵǴ´ ̰͵ ǻ簡 2Ⱦؿ.ϴ 10ȣȮ 100% ֳ?  10ȣõºе̰ʴϴ Ҹ? ūϳ~ Ȯ ɻŸ 13̳?~~"
"699","¹ ڲ Ŀ н"
"700"," ҸߤOBEY귣 𸣳Ĥ byeߤ"
"701","ƿ ¥ ڲ 츸 "
"702","̰  Ѹ  ̤"
"703"," 찡Ǿ¹  ׽¹ξ ʰߴٰ. ȾƸ԰ ϰ ؾ ϰ촫úа ᱹ ֺ ó. 츻 ھڵ̴ ᱹ"
"704","̶  ġ̶ɤ"
"705"," ٽ ϴ°ź ٽ л̳ ƤѤ"
"706","obey ¹Ƽ и Դµ.. "
"707"," "
"708","   ƴ?"
"709"," 16ۿ ȵǳ .. . ܵ"
"710","¹    ϱ ̴ "
"711","  "
"712","̱ۿ ƿ 6  ѾƵ ϰڽϴ (ѿ 100Ѱ"
"713"," ҳ Źµ ?"
"714","    Ѵ..."
"715"," ġҹ"
"716","۰ Ÿ  "
"717","ޱ׷پ˾Ҵ("
"718","ġ̷"
"719","<U+2591><U+2591><U+2591><U+2591><U+2591><U+2591><U+2591><U+2591><U+2591><U+2591><U+2591><U+2591><U+2584><U+2584><U+2591><U+2591><U+2591><U+2591><U+2591><U+2591><U+2591><U+2591><U+2591><U+2591> <U+2591><U+2591><U+2591><U+2591><U+2591><U+2591><U+2591><U+2591><U+2591><U+2591><U+2591><U+2588><U+2591><U+2591><U+2588><U+2591><U+2591><U+2591><U+2591><U+2591><U+2591><U+2591><U+2591><U+2591> <U+2591><U+2591><U+2591><U+2591><U+2591><U+2591><U+2591><U+2591><U+2591><U+2591><U+2591><U+2588><U+2591><U+2591><U+2588><U+2591><U+2591><U+2591><U+2591><U+2591><U+2591><U+2591><U+2591><U+2591> <U+2591><U+2591><U+2591><U+2591><U+2591><U+2591><U+2591><U+2591><U+2591><U+2591><U+2588><U+2591><U+2591><U+2591><U+2588><U+2591><U+2591><U+2591><U+2591><U+2591><U+2591><U+2591><U+2591><U+2591> <U+2591><U+2591><U+2591><U+2591><U+2591><U+2591><U+2591><U+2591><U+2591><U+2588><U+2591><U+2591><U+2591><U+2591><U+2588><U+2591><U+2591><U+2591><U+2591><U+2591><U+2591><U+2591><U+2591><U+2591> <U+2588><U+2588><U+2588><U+2588><U+2588><U+2588><U+2584><U+2584><U+2588><U+2591><U+2591><U+2591><U+2591><U+2591><U+2588><U+2588><U+2588><U+2588><U+2588><U+2588><U+2584><U+2591><U+2591><U+2591> <U+2593><U+2593><U+2593><U+2593><U+2593><U+2593><U+2588><U+2591><U+2591><U+2591><U+2591><U+2591><U+2591><U+2591><U+2591><U+2591><U+2591><U+2591><U+2591><U+2591><U+2591><U+2588><U+2591><U+2591> <U+2593><U+2593><U+2593><U+2593><U+2593><U+2593><U+2588><U+2591><U+2591><U+2591><U+2591><U+2591><U+2591><U+2591><U+2591><U+2591><U+2591><U+2591><U+2591><U+2591><U+2591><U+2588><U+2591><U+2591> <U+2593><U+2593><U+2593><U+2593><U+2593><U+2593><U+2588><U+2591><U+2591><U+2591><U+2591><U+2591><U+2591><U+2591><U+2591><U+2591><U+2591><U+2591><U+2591><U+2591><U+2591><U+2588><U+2591><U+2591> <U+2593><U+2593><U+2593><U+2593><U+2593><U+2593><U+2588><U+2591><U+2591><U+2591><U+2591><U+2591><U+2591><U+2591><U+2591><U+2591><U+2591><U+2591><U+2591><U+2591><U+2591><U+2588><U+2591><U+2591> <U+2593><U+2593><U+2593><U+2593><U+2593><U+2593><U+2588><U+2591><U+2591><U+2591><U+2591><U+2591><U+2591><U+2591><U+2591><U+2591><U+2591><U+2591><U+2591><U+2591><U+2591><U+2588><U+2591><U+2591> <U+2593><U+2593><U+2593><U+2593><U+2593><U+2593><U+2588><U+2588><U+2588><U+2588><U+2588><U+2591><U+2591><U+2591><U+2591><U+2591><U+2591><U+2591><U+2591><U+2591><U+2588><U+2588><U+2591><U+2591> <U+2588><U+2588><U+2588><U+2588><U+2588><U+2580><U+2591><U+2591><U+2591><U+2591><U+2580><U+2580><U+2588><U+2588><U+2588><U+2588><U+2588><U+2588><U+2588><U+2588><U+2591><U+2591><U+2591><U+2591>"
"720","۰ ۰Ǹ װ Ҹ?"
"721","  ۰  Űǵ ȭ ƴϰ.."
"722","   ߸ ˰ ô   ¹ Ӵϰ     Ӵ ۺθ  ƴ϶... ̻ ¹  ϰϱ  ̰ ϰ   ű ִ ٸ ֵ( ¹ ģ ) ׳ ƹ Ѽ    ¹θ ˰ ġ ҳ  Ҹ ׿.  ٸ ֵ鵵 ˰   ƴѵ  ٽ ι ¹̸  쵵...  Ӵ϶ ȭϴ ͵ ׳ 갡  Ƶε    ׳ 뼭   Ϸ  ƿ. ׷ϱ ¹̰  á."
"723"," ڴ ε ̻ ҹ µ..."
"724","¹ݿ ϳ  "
"725","Դٰ    ϻﵿε װͱ ġ."
"726","  ε  丮 ణ ȭ  ȵ? ̰, Ư ̹   Ǵ° .¹( ) ̰( ) ̷ µ..  1(17).̷    ȭ ."
"727","¹  ߉ц  ķψ"
"728","ġ̷"
"729","̴"
"730","ٵ  б ﶧ ҳ 10 13ǰ κ  Ѵٴ.....?"
"731","¹    ^^ "
"732",""
"733"," ޽̳"
"734","¹ΰְ ø ̽ڰ͵ƴϰ ο ϴµ ׳  ϴ x"
"735","ȭ Դµ  'ġ'Դϴ"
"736"," "
"737","ҳⱳҰ!!!"
"738"," ¹   ޾?"
"739","ӱ޽Ķ~"
"740","ƾ   ѵ¾ƾƾ!!"
"741","ϳ78̿?"
"742","Ķ Ӹ   ̟D ٸ  C"
"743"," ۰ ż ϰ ִµ ٺ  ȭ  غǾ  "
"744","¹   ϱ  ȭ ¥ ¹ ° .."
"745","¹ ̻ص  ܸ ڱ Ƶ  !!!  ̰찡  ҽϴ Ф"
"746","̷ Խϴ. ġ Դϴ. (ھ)"
"747","ȵɳ ȵȴٴ  .."
"748",""
"749","¹ξ Ӱ ̴پ   ؿ ϱ ¹ΰ ְ °"
"750"," ְֳ  Գ "
"751"," ¡ 232323232323232 ؾҤ"
"752"," 足߸°  Դϴ٤ ¹̶ غ  ٵ  䤻"
"753"," ߿ "" Ŭ"" .........ϱ"
"754","ƴ  ¹  ̴  ΰ"
"755","H ڰ"
"756","̰ ġ ̶ ҹ ̷"
"757","¹   ̴µ ̴ن"
"758","¹ ӴϿ Ե鿡 ڼ ϴ"
"759",""
"760","ٵ ȭ ȭǥ ũ99% Ӥ"
"761","̶   ˾Ҵµ ƴϿ"
